[{"tag":{"S":"k91jDRq_u3HHJ3BYAeTfP/_N_T_/layout"},"path":{"S":"k91jDRq_u3HHJ3BYAeTfP/_not-found"},"revalidatedAt":{"N":"1728231299296"}},{"tag":{"S":"k91jDRq_u3HHJ3BYAeTfP/_N_T_/_not-found/layout"},"path":{"S":"k91jDRq_u3HHJ3BYAeTfP/_not-found"},"revalidatedAt":{"N":"1728231299296"}},{"tag":{"S":"k91jDRq_u3HHJ3BYAeTfP/_N_T_/_not-found/page"},"path":{"S":"k91jDRq_u3HHJ3BYAeTfP/_not-found"},"revalidatedAt":{"N":"1728231299296"}},{"tag":{"S":"k91jDRq_u3HHJ3BYAeTfP/_N_T_/_not-found"},"path":{"S":"k91jDRq_u3HHJ3BYAeTfP/_not-found"},"revalidatedAt":{"N":"1728231299296"}},{"tag":{"S":"k91jDRq_u3HHJ3BYAeTfP/_N_T_/layout"},"path":{"S":"k91jDRq_u3HHJ3BYAeTfP/favicon.ico"},"revalidatedAt":{"N":"1728231299296"}},{"tag":{"S":"k91jDRq_u3HHJ3BYAeTfP/_N_T_/favicon.ico/layout"},"path":{"S":"k91jDRq_u3HHJ3BYAeTfP/favicon.ico"},"revalidatedAt":{"N":"1728231299296"}},{"tag":{"S":"k91jDRq_u3HHJ3BYAeTfP/_N_T_/favicon.ico/route"},"path":{"S":"k91jDRq_u3HHJ3BYAeTfP/favicon.ico"},"revalidatedAt":{"N":"1728231299296"}},{"tag":{"S":"k91jDRq_u3HHJ3BYAeTfP/_N_T_/favicon.ico"},"path":{"S":"k91jDRq_u3HHJ3BYAeTfP/favicon.ico"},"revalidatedAt":{"N":"1728231299296"}},{"tag":{"S":"k91jDRq_u3HHJ3BYAeTfP/_N_T_/layout"},"path":{"S":"k91jDRq_u3HHJ3BYAeTfP/index"},"revalidatedAt":{"N":"1728231299296"}},{"tag":{"S":"k91jDRq_u3HHJ3BYAeTfP/_N_T_/page"},"path":{"S":"k91jDRq_u3HHJ3BYAeTfP/index"},"revalidatedAt":{"N":"1728231299296"}},{"tag":{"S":"k91jDRq_u3HHJ3BYAeTfP/_N_T_/"},"path":{"S":"k91jDRq_u3HHJ3BYAeTfP/index"},"revalidatedAt":{"N":"1728231299296"}}]