[{"tag":{"S":"L-mMM-yAe8sconfOB-IRO/_N_T_/layout"},"path":{"S":"L-mMM-yAe8sconfOB-IRO/_not-found"},"revalidatedAt":{"N":"1728157066551"}},{"tag":{"S":"L-mMM-yAe8sconfOB-IRO/_N_T_/_not-found/layout"},"path":{"S":"L-mMM-yAe8sconfOB-IRO/_not-found"},"revalidatedAt":{"N":"1728157066551"}},{"tag":{"S":"L-mMM-yAe8sconfOB-IRO/_N_T_/_not-found/page"},"path":{"S":"L-mMM-yAe8sconfOB-IRO/_not-found"},"revalidatedAt":{"N":"1728157066551"}},{"tag":{"S":"L-mMM-yAe8sconfOB-IRO/_N_T_/_not-found"},"path":{"S":"L-mMM-yAe8sconfOB-IRO/_not-found"},"revalidatedAt":{"N":"1728157066551"}},{"tag":{"S":"L-mMM-yAe8sconfOB-IRO/_N_T_/layout"},"path":{"S":"L-mMM-yAe8sconfOB-IRO/favicon.ico"},"revalidatedAt":{"N":"1728157066551"}},{"tag":{"S":"L-mMM-yAe8sconfOB-IRO/_N_T_/favicon.ico/layout"},"path":{"S":"L-mMM-yAe8sconfOB-IRO/favicon.ico"},"revalidatedAt":{"N":"1728157066551"}},{"tag":{"S":"L-mMM-yAe8sconfOB-IRO/_N_T_/favicon.ico/route"},"path":{"S":"L-mMM-yAe8sconfOB-IRO/favicon.ico"},"revalidatedAt":{"N":"1728157066551"}},{"tag":{"S":"L-mMM-yAe8sconfOB-IRO/_N_T_/favicon.ico"},"path":{"S":"L-mMM-yAe8sconfOB-IRO/favicon.ico"},"revalidatedAt":{"N":"1728157066551"}},{"tag":{"S":"L-mMM-yAe8sconfOB-IRO/_N_T_/layout"},"path":{"S":"L-mMM-yAe8sconfOB-IRO/index"},"revalidatedAt":{"N":"1728157066551"}},{"tag":{"S":"L-mMM-yAe8sconfOB-IRO/_N_T_/page"},"path":{"S":"L-mMM-yAe8sconfOB-IRO/index"},"revalidatedAt":{"N":"1728157066551"}},{"tag":{"S":"L-mMM-yAe8sconfOB-IRO/_N_T_/"},"path":{"S":"L-mMM-yAe8sconfOB-IRO/index"},"revalidatedAt":{"N":"1728157066551"}}]