[{"tag":{"S":"_h_aJ-Oq31aEs1NNJE0W_/_N_T_/layout"},"path":{"S":"_h_aJ-Oq31aEs1NNJE0W_/_not-found"},"revalidatedAt":{"N":"1732234601217"}},{"tag":{"S":"_h_aJ-Oq31aEs1NNJE0W_/_N_T_/_not-found/layout"},"path":{"S":"_h_aJ-Oq31aEs1NNJE0W_/_not-found"},"revalidatedAt":{"N":"1732234601217"}},{"tag":{"S":"_h_aJ-Oq31aEs1NNJE0W_/_N_T_/_not-found/page"},"path":{"S":"_h_aJ-Oq31aEs1NNJE0W_/_not-found"},"revalidatedAt":{"N":"1732234601217"}},{"tag":{"S":"_h_aJ-Oq31aEs1NNJE0W_/_N_T_/_not-found"},"path":{"S":"_h_aJ-Oq31aEs1NNJE0W_/_not-found"},"revalidatedAt":{"N":"1732234601217"}},{"tag":{"S":"_h_aJ-Oq31aEs1NNJE0W_/_N_T_/layout"},"path":{"S":"_h_aJ-Oq31aEs1NNJE0W_/favicon.ico"},"revalidatedAt":{"N":"1732234601217"}},{"tag":{"S":"_h_aJ-Oq31aEs1NNJE0W_/_N_T_/favicon.ico/layout"},"path":{"S":"_h_aJ-Oq31aEs1NNJE0W_/favicon.ico"},"revalidatedAt":{"N":"1732234601217"}},{"tag":{"S":"_h_aJ-Oq31aEs1NNJE0W_/_N_T_/favicon.ico/route"},"path":{"S":"_h_aJ-Oq31aEs1NNJE0W_/favicon.ico"},"revalidatedAt":{"N":"1732234601217"}},{"tag":{"S":"_h_aJ-Oq31aEs1NNJE0W_/_N_T_/favicon.ico"},"path":{"S":"_h_aJ-Oq31aEs1NNJE0W_/favicon.ico"},"revalidatedAt":{"N":"1732234601217"}},{"tag":{"S":"_h_aJ-Oq31aEs1NNJE0W_/_N_T_/layout"},"path":{"S":"_h_aJ-Oq31aEs1NNJE0W_/index"},"revalidatedAt":{"N":"1732234601217"}},{"tag":{"S":"_h_aJ-Oq31aEs1NNJE0W_/_N_T_/page"},"path":{"S":"_h_aJ-Oq31aEs1NNJE0W_/index"},"revalidatedAt":{"N":"1732234601217"}},{"tag":{"S":"_h_aJ-Oq31aEs1NNJE0W_/_N_T_/"},"path":{"S":"_h_aJ-Oq31aEs1NNJE0W_/index"},"revalidatedAt":{"N":"1732234601217"}}]