[{"tag":{"S":"QJBNE96pxeWG35zLSE5Xy/_N_T_/layout"},"path":{"S":"QJBNE96pxeWG35zLSE5Xy/_not-found"},"revalidatedAt":{"N":"1729570581264"}},{"tag":{"S":"QJBNE96pxeWG35zLSE5Xy/_N_T_/_not-found/layout"},"path":{"S":"QJBNE96pxeWG35zLSE5Xy/_not-found"},"revalidatedAt":{"N":"1729570581264"}},{"tag":{"S":"QJBNE96pxeWG35zLSE5Xy/_N_T_/_not-found/page"},"path":{"S":"QJBNE96pxeWG35zLSE5Xy/_not-found"},"revalidatedAt":{"N":"1729570581264"}},{"tag":{"S":"QJBNE96pxeWG35zLSE5Xy/_N_T_/_not-found"},"path":{"S":"QJBNE96pxeWG35zLSE5Xy/_not-found"},"revalidatedAt":{"N":"1729570581264"}},{"tag":{"S":"QJBNE96pxeWG35zLSE5Xy/_N_T_/layout"},"path":{"S":"QJBNE96pxeWG35zLSE5Xy/favicon.ico"},"revalidatedAt":{"N":"1729570581264"}},{"tag":{"S":"QJBNE96pxeWG35zLSE5Xy/_N_T_/favicon.ico/layout"},"path":{"S":"QJBNE96pxeWG35zLSE5Xy/favicon.ico"},"revalidatedAt":{"N":"1729570581264"}},{"tag":{"S":"QJBNE96pxeWG35zLSE5Xy/_N_T_/favicon.ico/route"},"path":{"S":"QJBNE96pxeWG35zLSE5Xy/favicon.ico"},"revalidatedAt":{"N":"1729570581264"}},{"tag":{"S":"QJBNE96pxeWG35zLSE5Xy/_N_T_/favicon.ico"},"path":{"S":"QJBNE96pxeWG35zLSE5Xy/favicon.ico"},"revalidatedAt":{"N":"1729570581264"}},{"tag":{"S":"QJBNE96pxeWG35zLSE5Xy/_N_T_/layout"},"path":{"S":"QJBNE96pxeWG35zLSE5Xy/index"},"revalidatedAt":{"N":"1729570581264"}},{"tag":{"S":"QJBNE96pxeWG35zLSE5Xy/_N_T_/page"},"path":{"S":"QJBNE96pxeWG35zLSE5Xy/index"},"revalidatedAt":{"N":"1729570581264"}},{"tag":{"S":"QJBNE96pxeWG35zLSE5Xy/_N_T_/"},"path":{"S":"QJBNE96pxeWG35zLSE5Xy/index"},"revalidatedAt":{"N":"1729570581264"}}]