[{"tag":{"S":"f7dVfPiwuh2kpsOXOQ4nA/_N_T_/layout"},"path":{"S":"f7dVfPiwuh2kpsOXOQ4nA/_not-found"},"revalidatedAt":{"N":"1732232472403"}},{"tag":{"S":"f7dVfPiwuh2kpsOXOQ4nA/_N_T_/_not-found/layout"},"path":{"S":"f7dVfPiwuh2kpsOXOQ4nA/_not-found"},"revalidatedAt":{"N":"1732232472403"}},{"tag":{"S":"f7dVfPiwuh2kpsOXOQ4nA/_N_T_/_not-found/page"},"path":{"S":"f7dVfPiwuh2kpsOXOQ4nA/_not-found"},"revalidatedAt":{"N":"1732232472403"}},{"tag":{"S":"f7dVfPiwuh2kpsOXOQ4nA/_N_T_/_not-found"},"path":{"S":"f7dVfPiwuh2kpsOXOQ4nA/_not-found"},"revalidatedAt":{"N":"1732232472403"}},{"tag":{"S":"f7dVfPiwuh2kpsOXOQ4nA/_N_T_/layout"},"path":{"S":"f7dVfPiwuh2kpsOXOQ4nA/favicon.ico"},"revalidatedAt":{"N":"1732232472403"}},{"tag":{"S":"f7dVfPiwuh2kpsOXOQ4nA/_N_T_/favicon.ico/layout"},"path":{"S":"f7dVfPiwuh2kpsOXOQ4nA/favicon.ico"},"revalidatedAt":{"N":"1732232472403"}},{"tag":{"S":"f7dVfPiwuh2kpsOXOQ4nA/_N_T_/favicon.ico/route"},"path":{"S":"f7dVfPiwuh2kpsOXOQ4nA/favicon.ico"},"revalidatedAt":{"N":"1732232472403"}},{"tag":{"S":"f7dVfPiwuh2kpsOXOQ4nA/_N_T_/favicon.ico"},"path":{"S":"f7dVfPiwuh2kpsOXOQ4nA/favicon.ico"},"revalidatedAt":{"N":"1732232472403"}},{"tag":{"S":"f7dVfPiwuh2kpsOXOQ4nA/_N_T_/layout"},"path":{"S":"f7dVfPiwuh2kpsOXOQ4nA/index"},"revalidatedAt":{"N":"1732232472403"}},{"tag":{"S":"f7dVfPiwuh2kpsOXOQ4nA/_N_T_/page"},"path":{"S":"f7dVfPiwuh2kpsOXOQ4nA/index"},"revalidatedAt":{"N":"1732232472403"}},{"tag":{"S":"f7dVfPiwuh2kpsOXOQ4nA/_N_T_/"},"path":{"S":"f7dVfPiwuh2kpsOXOQ4nA/index"},"revalidatedAt":{"N":"1732232472403"}}]